INSERT INTO barrio(nombre) VALUES('almagro');

INSERT INTO barrio(nombre) VALUES('recoleta');

INSERT INTO barrio(nombre) VALUES('palermo');

INSERT INTO barrio(nombre) VALUES('san telmo');

INSERT INTO barrio(nombre) VALUES('la boca');

INSERT INTO barrio(nombre) VALUES('nuñez');

INSERT INTO barrio(nombre) VALUES('liniers');

INSERT INTO barrio(nombre) VALUES('mataderos');


INSERT INTO sucursales(nombre_sucursal,nombre) VALUES('pepito de almagro','almagro');

INSERT INTO sucursales(nombre_sucursal,nombre) VALUES('pepito de recoleta','recoleta');

INSERT INTO sucursales(nombre_sucursal,nombre) VALUES('pepito de palermo','palermo');

INSERT INTO sucursales(nombre_sucursal,nombre) VALUES('pepito de la boca','la boca');

INSERT INTO sucursales(nombre_sucursal,nombre) VALUES('pepito de san telmo','san telmo');

INSERT INTO sucursales(nombre_sucursal,nombre) VALUES('pepito de la boca','la boca');

INSERT INTO sucursales(nombre_sucursal,nombre) VALUES('pepito de san telmo','san telmo');

INSERT INTO sucursales(nombre_sucursal,nombre) VALUES('el otro pepito de la boca','la boca');

INSERT INTO sucursales(nombre_sucursal,nombre) VALUES('el otro pepito de san telmo','san telmo');

INSERT INTO sucursales(nombre_sucursal,nombre) VALUES('pepito de almagro','almagro');

INSERT INTO sucursales(nombre_sucursal,nombre) VALUES('el otro pepito de almagro','almagro');

INSERT INTO sucursales(nombre_sucursal,nombre) VALUES('el otro otro pepito de almagro','almagro');

INSERT INTO empleados(dni, nombre, apellido, nombre_sucursal) VALUE(44450694, 'maria', 'rodriguez', 'pepito de almagro');

INSERT INTO empleados (dni, nombre, apellido, nombre_sucursal) VALUES(30123456, 'Juan', 'Perez', 'pepito de almagro');

INSERT INTO empleados (dni, nombre, apellido, nombre_sucursal) VALUES(28765432, 'Ana', 'Gomez', 'pepito de almagro');

INSERT INTO empleados (dni, nombre, apellido, nombre_sucursal) VALUES(35987654, 'Carlos', 'Lopez', 'pepito de recoleta');

INSERT INTO empleados (dni, nombre, apellido, nombre_sucursal) VALUES(38543210, 'Sofia', 'Martinez', 'pepito de recoleta');

INSERT INTO empleados (dni, nombre, apellido, nombre_sucursal) VALUES(40112233, 'Martín', 'Fernandez', 'pepito de palermo');

INSERT INTO empleados (dni, nombre, apellido, nombre_sucursal) VALUES(42345678, 'Laura', 'Diaz', 'pepito de palermo');

INSERT INTO empleados (dni, nombre, apellido, nombre_sucursal) VALUES(31876543, 'Pedro', 'Sanchez', 'pepito de la boca');

INSERT INTO empleados (dni, nombre, apellido, nombre_sucursal) VALUES(33098765, 'Elena', 'Torres', 'pepito de la boca');

INSERT INTO empleados (dni, nombre, apellido, nombre_sucursal) VALUES(45678901, 'Ricardo', 'Vargas', 'pepito de san telmo');

INSERT INTO empleados (dni, nombre, apellido, nombre_sucursal) VALUES(47890123, 'Paula', 'Rojas', 'pepito de san telmo');


INSERT INTO combos(numero_combo,descripcion,precio) VALUES(1, 'la gran pepito', 18000);


INSERT INTO combos(numero_combo,descripcion,precio) VALUES(2, 'la mini pepito', 7000);


INSERT INTO combos(numero_combo,descripcion,precio) VALUES(3, 'pepito simple', 13000);


INSERT INTO combos(numero_combo,descripcion,precio) VALUES(4, 'pepito veggie', 18000);