INSERT INTO socios(numero_socio, nombre, apellido, fecha_nacimiento)VALUES(0, 'Javier', 'Sosa', '1990-04-18');
INSERT INTO socios(numero_socio, nombre, apellido, fecha_nacimiento)VALUES(1, 'Romina', 'Quiroga', '1985-11-29');
INSERT INTO socios(numero_socio, nombre, apellido, fecha_nacimiento)VALUES(2, 'Pablo', 'Gimenez', '2001-07-07');
INSERT INTO socios(numero_socio, nombre, apellido, fecha_nacimiento)VALUES(3, 'Carla', 'Rojas', '1978-02-14');
INSERT INTO socios(numero_socio, nombre, apellido, fecha_nacimiento)VALUES(4, 'Ricardo', 'Acosta', '1993-10-01');
INSERT INTO socios(numero_socio, nombre, apellido, fecha_nacimiento)VALUES(5, 'Silvina', 'Castro', '1965-05-23');
INSERT INTO socios(numero_socio, nombre, apellido, fecha_nacimiento)VALUES(6, 'Martin', 'Herrera', '1980-12-05');
INSERT INTO socios(numero_socio, nombre, apellido, fecha_nacimiento)VALUES(7, 'Verónica', 'Nuñez', '2000-01-16');
INSERT INTO socios(numero_socio, nombre, apellido, fecha_nacimiento)VALUES(8, 'Emilio', 'Diaz', '1972-09-12');
INSERT INTO socios(numero_socio, nombre, apellido, fecha_nacimiento)VALUES(9, 'Natalia', 'Paz', '1987-03-27');

INSERT INTO deportes(nombre_deporte,cantidad_de_jugadores_por_equipo)VALUES('futbol 5', 5);

INSERT INTO deportes(nombre_deporte,cantidad_de_jugadores_por_equipo)VALUES('futbol 11', 11);

INSERT INTO deportes(nombre_deporte,cantidad_de_jugadores_por_equipo)VALUES('voley', 5);

INSERT INTO deportes(nombre_deporte,cantidad_de_jugadores_por_equipo)VALUES('boxeo', 1);

INSERT INTO deportes(nombre_deporte,cantidad_de_jugadores_por_equipo)VALUES('tenis', 2);

INSERT INTO socios_deportes(numero_socio, nombre_deporte) VALUES(0, 'tenis');

INSERT INTO socios_deportes(numero_socio, nombre_deporte) VALUES(1, 'futbol 5');

INSERT INTO socios_deportes(numero_socio, nombre_deporte) VALUES(2, 'voley');

INSERT INTO socios_deportes(numero_socio, nombre_deporte) VALUES(3, 'boxeo');

INSERT INTO socios_deportes(numero_socio, nombre_deporte) VALUES(4, 'futbol 11');

INSERT INTO socios_deportes(numero_socio, nombre_deporte) VALUES(6, 'futbol 5');

INSERT INTO socios_deportes(numero_socio, nombre_deporte) VALUES(7, 'tenis');

INSERT INTO socios_deportes(numero_socio, nombre_deporte) VALUES(7, 'voley');

INSERT INTO socios_deportes(numero_socio, nombre_deporte) VALUES(8, 'boxeo');

INSERT INTO socios_deportes(numero_socio, nombre_deporte) VALUES(8, 'futbol 5');

